{
  "useFixedColors" : false,
  "musicVolume" : 0.7062937062937062,
  "soundVolume" : 0.7622377622377622
}